Workbook

Sheet Diseño
A1: CASAS | E1: Estacas | F1: 60 | G1: Por ensayo
A6: N | C6: M1 | D6: M0 | E6: M5 | F6: M4 | G6: M3 | H6: M2
C13: M3 | D13: M4 | E13: M0 | F13: M1 | G13: M5 | H13: M2
C20: M3 | D20: M2 | E20: M4 | F20: M0 | G20: M1 | H20: M5
C27: MO | D27: M1 | E27: M2 | F27: M3 | G27: M4 | H27: M5

Sheet Ensayo
A1: MOMENTOS DE FERTILIZACIÓN EN FASTUCA RIZAR | F1: Tratamiento | G1: Momento 1 | H1: Momento 2
F2: M0 | G2: _ | H2: _
A3: Productor: | B3: La favorita | F3: M1 | G3: 45820 | H3: 45873
A4: Festuca: | B4: Rizar | F4: M2 | G4: 45835 | H4: 45873
A5: Año de siembra: | B5: 2023 | F5: M3 | G5: 45847 | H5: 45890
A6: Ensayo: | B6: 2025 | F6: M4 | G6: 45873 | H6: 45916
F7: M5 | G7: 45894 | H7: 16-sep
A8: Dosis de Nitrógeno: | B8: 200 | C8: kg N
A9: Aplicaciones: | B9: 2 | C9: (100 c/u)
A10: Tamaño: | B10: 24 | C10: m2
A11: ancho | B11: 4
A12: largo | B12: 6
A13: Repeticiones: | B13: 4
A14: Dosis/tratamiento | B14: 0.522 | C14: kilos/trat
A15: UREA (46 Uni N) | B15: 217 | C15: Kilos/ha
A18: Agenda Actividades
A19: 45820 | B19: Instalación ensayo, conteo de macollos, muestreo para materia seca, primera aplicación aplicación Momento 1
A20: 45835 | B20: Primera aplicación M2
A21: 45847 | B21: Primera aplicación M3
A22: 45873 | B22: Primera aplicación M4 y segunada aplicación M1 y M2
A23: 45894 | B23: Primera aplicación M5
A24: 45916 | B24: Segunda aplicaicón M4
A25: 45916 | B25: Segunda aplicaicón M5, cortes tratamientos para MS y Nitrógeno en Z31
A26: 45950 | B26: Cortes tratamiento para MS y Nitrógeno antesis
A27: 45973 | B27: Fecha Cortes para MS y Nitrógeno y cortes para evaluación de componentes de rendimiento
A30: 16-sep | B30: Primer corte de Materia Seca
B31: Estado macollos a dar semilla:
B32: Nudos: 0-1-0-1-1-1-1-2-1-0
B33: Z3,08

Sheet Manejo
A1: Análisis de Suelo
A2: P (ppm) | B2: 14
A3: K (meq) | B3: 0.77
A4: SB (%) | B4: 91
A5: MO (%) | B5: 3.4
A6: pH | B6: 6.04
A7: Calcio (meq) | B7: 20.5
A8: Magnesio (meq) | B8: 3.53
A9: Sodio | B9: 0.33
A12: Manejo 2025 (chacra) | F12: AGUA
A13: Mes | B13: Aplicación | F13: Mes | G13: Riego | H13: Lluvia
A14: Enero | B14: Pastoreo rotativo en subpotreros de 50 ha, hasta cierre | F14: Enero | H14: 62
A15: Febrero | F15: Febrero | H15: 235
A16: Marzo | B16: 1,6 kg/ha Diuron 80% | F16: Marzo | H16: 151
A17: Abril | B17: 150 kg/ha Urea Azufrada | F17: Abril | H17: 74
A18: Mayo | F18: Mayo | H18: 144
A19: Junio | F19: Junio | G19: 15 | H19: 43
A20: Julio | F20: Julio | H20: 62
A21: Agosto | F21: Agosto | H21: 101
A22: Setiembre | F22: Setiembre | G22: 30 | H22: 89
A23: Octubre | B23: Spireel protioconazol + trifloxistrobin 750 cc/ha. Rhino Clorantraniliprole 12 gr/ha | F23: Octubre | G23: 90 | H23: 141
A24: Noviembre | F24: Noviembre | G24: 30 | H24: 74
F25: TOTAL | G25: =+SUM(G14:G24) -> 165 | H25: =+SUM(H14:H24) -> 1176

Sheet Datos_MS
A1: LA FAVORITA
A2: Festuca | B2: RIZAR
I3: Distancia entre hileras | K3: 38
A5: Fecha | B5: Muestra | C5: Condición | D5: Tratamiento | E5: Repetición | F5: Macollos/30 cm | G5: Peso verde (1m) | H5: Peso verde (muestra) | I5: Banjeda | J5: Peso Seco | K5: %MS | L5: KgMS/ha | M5: Macollos/m2
A6: 45820 | B6: 1 | C6: Riego | D6: General | E6: R1 | F6: 265 | G6: 431.3 | H6: 642 | I6: 72 | J6: 539 | K6: 38.3 | L6: 4347 | M6: =+(F6*(100/30))*(100/$K$3) -> 2324.5614
A7: 45820 | B7: 2 | C7: Riego | D7: General | E7: R2 | F7: 265 | G7: 314.1 | H7: 685 | I7: 56 | J7: 547 | K7: 34 | L7: 2810 | M7: =+(F7*(100/30))*(100/$K$3) -> 2324.5614
A8: 45820 | B8: 3 | C8: Riego | D8: General | E8: R3 | F8: 278 | G8: 467.5 | H8: 738 | I8: 81 | J8: 598 | K8: 38.3 | L8: 4712 | M8: =+(F8*(100/30))*(100/$K$3) -> 2438.5965
A9: 45820 | B9: 4 | C9: Riego | D9: General | E9: R4 | F9: 274 | G9: 359.4 | H9: 696 | I9: 28 | J9: 561 | K9: 34.4 | L9: 3254 | M9: =+(F9*(100/30))*(100/$K$3) -> 2403.5088
A10: 45820 | C10: Riego | D10: General | E10: R5 | F10: 233 | M10: =+(F10*(100/30))*(100/$K$3) -> 2043.8596
A11: 45820 | B11: 5 | C11: Secano | D11: General | E11: R1 | F11: 252 | G11: 404.7 | H11: 680 | I11: 11 | J11: 569 | K11: 34.7 | L11: 3696 | M11: =+(F11*(100/30))*(100/$K$3) -> 2210.5263
A12: 45820 | B12: 6 | C12: Secano | D12: General | E12: R2 | F12: 300 | G12: 571.9 | H12: 736 | I12: 42 | J12: 591 | K12: 33.3 | L12: 5012 | M12: =+(F12*(100/30))*(100/$K$3) -> 2631.5789
A13: 45820 | B13: 7 | C13: Secano | D13: General | E13: R3 | F13: 305 | G13: 445 | H13: 680 | I13: 25 | J13: 558 | K13: 31.1 | L13: 3642 | M13: =+(F13*(100/30))*(100/$K$3) -> 2675.4386
A14: 45820 | B14: 8 | C14: Secano | D14: General | E14: R4 | F14: 263 | G14: 284.7 | H14: 709 | I14: 45 | J14: 587 | K14: 35.8 | L14: 2682 | M14: =+(F14*(100/30))*(100/$K$3) -> 2307.0175
A15: 45820 | C15: Secano | D15: General | E15: R5 | F15: 320 | M15: =+(F15*(100/30))*(100/$K$3) -> 2807.0175
A16: 45916 | B16: 9 | C16: Secano | D16: M0 | E16: R1 | G16: 671 | H16: 74.5 | I16: 97 | J16: 22 | K16: 29.5 | L16: 5214
A17: 45916 | B17: 10 | C17: Secano | D17: M1 | E17: R1 | G17: 1620 | H17: 126 | I17: 31 | J17: 22 | K17: 17.5 | L17: 7444
A18: 45916 | B18: 11 | C18: Secano | D18: M2 | E18: R1 | G18: 1699 | H18: 131.8 | I18: 56 | J18: 25 | K18: 19 | L18: 8481
A19: 45916 | B19: 12 | C19: Secano | D19: M3 | E19: R1 | G19: 1328 | H19: 130 | I19: 29 | J19: 14 | K19: 10.8 | L19: 3764
A20: 45916 | B20: 13 | C20: Secano | D20: M4 | E20: R1 | G20: 803 | H20: 108.6 | I20: 24 | J20: 37 | K20: 34.1 | L20: 7200
A21: 45916 | B21: 14 | C21: Secano | D21: M5 | E21: R1 | G21: 540 | H21: 66 | I21: 92 | J21: 16 | K21: 24.2 | L21: 3445
A22: 45916 | B22: 15 | C22: Secano | D22: M3 | E22: R2 | G22: 1378 | H22: 137.2 | I22: 9 | J22: 27 | K22: 19.7 | L22: 7136
A23: 45916 | B23: 16 | C23: Secano | D23: M2 | E23: R2 | G23: 1980 | H23: 86 | I23: 65 | J23: 19 | K23: 22.1 | L23: 11512
A24: 45916 | B24: 17 | C24: Secano | D24: M4 | E24: R2 | G24: 959 | H24: 77 | I24: 55 | J24: 18 | K24: 23.4 | L24: 5900
A25: 45916 | B25: 18 | C25: Secano | D25: M0 | E25: R2 | G25: 466 | H25: 85 | I25: 76 | J25: 25 | K25: 29.4 | L25: 3607
A26: 45916 | B26: 19 | C26: Secano | D26: M1 | E26: R2 | G26: 1735 | H26: 110.6 | I26: 42 | J26: 23.3 | K26: 21.1 | L26: 9619
A27: 45916 | B27: 20 | C27: Secano | D27: M5 | E27: R2 | G27: 716 | H27: 104.9 | I27: 8 | J27: 24 | K27: 22.9 | L27: 4311
... A111: 45950 | B111: 104 | C111: Riego | D111: M2 | E111: R4 | G111: 1827 | H111: 365 | I111: 20 | J111: 107 | K111: 29.3 | L111: 14094
A112: 45973 | B112: 105 | C112: Secano | D112: M0 | E112: R1 | G112: 1363 | H112: 308 | I112: 87 | J112: 82 | K112: 28.5 | L112: =+((G112*(100/$K$3))*(K112/100))*10 -> 10222.5
A113: 45973 | B113: 106 | C113: Secano | D113: M1 | E113: R1 | G113: 2246 | H113: 630 | I113: 91 | J113: 135 | K113: 22.2 | L113: =+((G113*(100/$K$3))*(K113/100))*10 -> 13121.368
A114: 45973 | B114: 107 | C114: Secano | D114: M2 | E114: R1 | G114: 2350 | H114: 430 | I114: 17 | J114: 87 | K114: 21.1 | L114: =+((G114*(100/$K$3))*(K114/100))*10 -> 13048.684
A115: 45973 | B115: 108 | C115: Secano | D115: M3 | E115: R1 | G115: 1988 | H115: 358 | I115: 60 | J115: 91 | K115: 26.8 | L115: =+((G115*(100/$K$3))*(K115/100))*10 -> 14020.632
A116: 45973 | B116: 109 | C116: Secano | D116: M4 | E116: R1 | G116: 1410 | H116: 296 | I116: 62 | J116: 68 | K116: 24.5 | L116: =+((G116*(100/$K$3))*(K116/100))*10 -> 9090.7895
A117: 45973 | B117: 110 | C117: Secano | D117: M5 | E117: R1 | G117: 1477 | H117: 595 | I117: 67 | J117: 145 | K117: 25.8 | L117: =+((G117*(100/$K$3))*(K117/100))*10 -> 10028.053
A118: 45973 | B118: 111 | C118: Secano | D118: M3 | E118: R2 | G118: 2133 | H118: 489 | I118: 65 | J118: 105 | K118: 22.4 | L118: =+((G118*(100/$K$3))*(K118/100))*10 -> 12573.474
A119: 45973 | B119: 112 | C119: Secano | D119: M2 | E119: R2 | G119: 2504 | H119: 552 | I119: 4 | J119: 124 | K119: 23.4 | L119: =+((G119*(100/$K$3))*(K119/100))*10 -> 15419.368
A120: 45973 | B120: 113 | C120: Secano | D120: M4 | E120: R2 | G120: 2144 | H120: 430 | I120: 20 | J120: 92 | K120: 22.6 | L120: =+((G120*(100/$K$3))*(K120/100))*10 -> 12751.158
A121: 45973 | B121: 114 | C121: Secano | D121: M0 | E121: R2 | G121: 746 | H121: 283 | I121: 90 | J121: 74 | K121: 28.5 | L121: =+((G121*(100/$K$3))*(K121/100))*10 -> 5595
A122: 45973 | B122: 115 | C122: Secano | D122: M1 | E122: R2 | G122: 2402 | H122: 580 | I122: 39 | J122: 149 | K122: 26.9 | L122: =+((G122*(100/$K$3))*(K122/100))*10 -> 17003.632
A123: 45973 | B123: 116 | C123: Secano | D123: M5 | E123: R2 | G123: 1689 | H123: 499 | I123: 106 | J123: 113 | K123: 23.9 | L123: =+((G123*(100/$K$3))*(K123/100))*10 -> 10622.921
... A159: 45973 | B159: 152 | C159: Riego | D159: M2 | E159: R4 | G159: 2253 | H159: 667 | I159: 52 | J159: 101 | K159: 25 | L159: =+((G159*(100/$K$3))*(K159/100))*10 -> 14822.368

Sheet Datos_Rto
A1: LA FAVORITA | D1: Tesis Emanuel/Serrana | G1: COMPONENTES RENDIMIENTO
A2: Festuca | B2: RIZAR
D3: Corte de 2 metros (1 metro, 2 surcos) | G3: Distancia entre hileras: | I3: 38
M4: Variables a calcular
A5: Fecha | B5: Muestra | C5: Condición | D5: Tratamiento | E5: Repetición | F5: Panojas/2m | G5: Peso sucio | H5: Peso limpio | I5: PMS | L5: PMSx | M5: Panojas/m2 | N5: Rto.sucio (Kg/ha) | O5: Rto.limpio (kg/ha) | P5: Merma (%) | Q5: Sem/panoja | R5: IC
A6: 45973 | B6: 153 | C6: Secano | D6: M0 | E6: R1 | F6: 457 | G6: 44.2 | H6: 34.5 | I6: 0.2227 | J6: 0.2244 | K6: 0.2342 | L6: =(+AVERAGE(I6:K6))*10 -> 2.271
A7: 45973 | B7: 154 | C7: Secano | D7: M1 | E7: R1 | F7: 622 | G7: 131.4 | H7: 107.5 | I7: 0.2697 | J7: 0.234 | K7: 0.2548 | L7: =(+AVERAGE(I7:K7))*10 -> 2.5283333
A8: 45973 | B8: 155 | C8: Secano | D8: M2 | E8: R1 | F8: 678 | G8: 111.5 | H8: 91.4 | I8: 0.2468 | J8: 0.2428 | K8: 0.2495 | L8: =(+AVERAGE(I8:K8))*10 -> 2.4636667
A9: 45973 | B9: 156 | C9: Secano | D9: M3 | E9: R1 | F9: 507 | G9: 110 | H9: 93.3 | I9: 0.2291 | J9: 0.2519 | K9: 0.2355 | L9: =(+AVERAGE(I9:K9))*10 -> 2.3883333
A10: 45973 | B10: 157 | C10: Secano | D10: M4 | E10: R1 | F10: 549 | G10: 114.6 | H10: 95.5 | I10: 0.2434 | J10: 0.255 | K10: 0.2416 | L10: =(+AVERAGE(I10:K10))*10 -> 2.4666667
A11: 45973 | B11: 158 | C11: Secano | D11: M5 | E11: R1 | F11: 390 | G11: 84.8 | H11: 71.7 | I11: 0.234 | J11: 0.2444 | K11: 0.2523 | L11: =(+AVERAGE(I11:K11))*10 -> 2.4356667
A12: 45973 | B12: 159 | C12: Secano | D12: M3 | E12: R2 | F12: 612 | G12: 119.7 | H12: 97.4 | I12: 0.2259 | J12: 0.2183 | K12: 0.2343 | L12: =(+AVERAGE(I12:K12))*10 -> 2.2616667
A13: 45973 | B13: 160 | C13: Secano | D13: M2 | E13: R2 | F13: 540 | G13: 124.7 | H13: 106.1 | I13: 0.2621 | J13: 0.2573 | K13: 0.2589 | L13: =(+AVERAGE(I13:K13))*10 -> 2.5943333
A14: 45973 | B14: 161 | C14: Secano | D14: M4 | E14: R2 | F14: 586 | G14: 145.4 | H14: 125 | I14: 0.2594 | J14: 0.2624 | K14: 0.2729 | L14: =(+AVERAGE(I14:K14))*10 -> 2.649
A15: 45973 | B15: 162 | C15: Secano | D15: M0 | E15: R2 | F15: 433 | G15: 57.1 | H15: 48.2 | I15: 0.2613 | J15: 0.2479 | K15: 0.2509 | L15: =(+AVERAGE(I15:K15))*10 -> 2.5336667
A16: 45973 | B16: 163 | C16: Secano | D16: M1 | E16: R2 | F16: 693 | G16: 129.7 | H16: 110.3 | I16: 0.2489 | J16: 0.2543 | K16: 0.2527 | L16: =(+AVERAGE(I16:K16))*10 -> 2.5196667
A17: 45973 | B17: 164 | C17: Secano | D17: M5 | E17: R2 | F17: 531 | G17: 117.7 | H17: 97.6 | I17: 0.2563 | J17: 0.2418 | K17: 0.237 | L17: =(+AVERAGE(I17:K17))*10 -> 2.4503333
... A53: 45973 | B53: 200 | C53: Riego | D53: M2 | E53: R4 | F53: 547 | G53: 131.8 | H53: 106.7 | I53: 0.2012 | J53: 0.2094 | K53: 0.2036 | L53: =(+AVERAGE(I53:K53))*10 -> 2.0473333
A55: Clipper regulación
A56: Zarandas
A57: Blower

Sheet Calidad
A1: Fecha | B1: Muestra | C1: Condición | D1: Tratamiento | E1: Repetición | F1: %MS | G1: KgMS/ha | H1: REG. DE LAB. | I1: % N | J1: % FDA | K1: % FDN | L1: KgN/ha | M1: INN | N1: Origen del dato
A2: 45820 | B2: 1 | C2: Riego | D2: General | E2: R1 | F2: 38.3 | G2: 4347 | H2: 261317 | I2: 1.0562541 | J2: 27.554029 | K2: 56.126251 | L2: =+G2*(I2/100) -> 45.915366 | M2: =+I2/(4.8*(G2/1000)^(-0.32)) -> 0.35216635 | N2: Medido
A3: 45820 | B3: 2 | C3: Riego | D3: General | E3: R2 | F3: 34 | G3: 2810 | H3: 261318 | I3: 1.1614644 | J3: 25.028298 | K3: 46.26741 | L3: =+G3*(I3/100) -> 32.63715 | M3: =+I3/(4.8*(G3/1000)^(-0.32)) -> 0.33678341 | N3: Medido
A4: 45820 | B4: 3 | C4: Riego | D4: General | E4: R3 | F4: 38.3 | G4: 4712 | H4: 261319 | I4: 1.2015179 | J4: 25.272959 | K4: 46.67871 | L4: =+G4*(I4/100) -> 56.615523 | M4: =+I4/(4.8*(G4/1000)^(-0.32)) -> 0.41106897 | N4: Medido
A5: 45820 | B5: 4 | C5: Riego | D5: General | E5: R4 | F5: 34.4 | G5: 3254 | H5: 261320 | I5: 1.1170152 | J5: 26.080228 | K5: 47.170333 | L5: =+G5*(I5/100) -> 36.347676 | M5: =+I5/(4.8*(G5/1000)^(-0.32)) -> 0.33946224 | N5: Medido
A6: 45820 | B6: 5 | C6: Secano | D6: General | E6: R1 | F6: 34.7 | G6: 3696 | H6: 261321 | I6: 1.36296 | J6: 23.930992 | K6: 44.692047 | L6: =+G6*(I6/100) -> 50.375003 | M6: =+I6/(4.8*(G6/1000)^(-0.32)) -> 0.43143574 | N6: Medido
A7: 45820 | B7: 6 | C7: Secano | D7: General | E7: R2 | F7: 33.3 | G7: 5012 | H7: 261322 | I7: 1.1106742 | J7: 26.945866 | K7: 54.008537 | L7: =+G7*(I7/100) -> 55.666991 | M7: =+I7/(4.8*(G7/1000)^(-0.32)) -> 0.38756896 | N7: Medido
A8: 45820 | B8: 7 | C8: Secano | D8: General | E8: R3 | F8: 31.1 | G8: 3642 | H8: 261323 | I8: 1.3539084 | J8: 26.355027 | K8: 47.927271 | L8: =+G8*(I8/100) -> 49.309345 | M8: =+I8/(4.8*(G8/1000)^(-0.32)) -> 0.42655677 | N8: Medido
A9: 45820 | B9: 8 | C9: Secano | D9: General | E9: R4 | F9: 35.8 | G9: 2682 | H9: 261324 | I9: 1.3641499 | J9: 26.589944 | K9: 54.310649 | L9: =+G9*(I9/100) -> 36.586499 | M9: =+I9/(4.8*(G9/1000)^(-0.32)) -> 0.38969753 | N9: Medido
A10: 45916 | B10: 9 | C10: Secano | D10: M0 | E10: R1 | F10: 29.5 | G10: 5214 | H10: 261325 | I10: 1.0516185 | J10: 28.235444 | K10: 56.033012 | L10: =+G10*(I10/100) -> 54.83139 | M10: =+I10/(4.8*(G10/1000)^(-0.32)) -> 0.37163081 | N10: Medido
A11: 45916 | B11: 10 | C11: Secano | D11: M1 | E11: R1 | F11: 17.5 | G11: 7444 | H11: 261326 | I11: 2.4056753 | J11: 29.975266 | K11: 51.111001 | L11: =+G11*(I11/100) -> 179.07847 | M11: =+I11/(4.8*(G11/1000)^(-0.32)) -> 0.95273869 | N11: Medido
A12: 45916 | B12: 11 | C12: Secano | D12: M2 | E12: R1 | F12: 19 | G12: 8481 | H12: 261327 | I12: 1.7948908 | J12: 31.918565 | K12: 54.49012 | L12: =+G12*(I12/100) -> 152.22469 | M12: =+I12/(4.8*(G12/1000)^(-0.32)) -> 0.7411393 | N12: Medido
A13: 45916 | B13: 12 | C13: Secano | D13: M3 | E13: R1 | F13: 10.8 | G13: 3764 | H13: 261328 | I13: 1.8519202 | J13: 32.130488 | K13: 53.619352 | L13: =+G13*(I13/100) -> 69.706275 | M13: =+I13/(4.8*(G13/1000)^(-0.32)) -> 0.58964267 | N13: Medido
... A27: 45916 | B27: 26 | C27: Secano | D27: M2 | E27: R3 | F27: 38.9 | G27: 15308 | H27: 261342 | I27: 2.2473081 | J27: 29.467524 | K27: 50.396131 | L27: =+G27*(I27/100) -> 344.01792 | M27: =+I27/(4.8*(G27/1000)^(-0.32)) -> 1.1209733 | N27: Medido
A28: 45916 | B28: 27 | C28: Secano | D28: M1 | E28: R4 | F28: 19 | G28: 7037 | I28: =Estimacion_M1R4_16set!F16 | J28: =Estimacion_M1R4_16set!F17 | K28: =Estimacion_M1R4_16set!F18 | L28: =Estimacion_M1R4_16set!C22 | M28: =Estimacion_M1R4_16set!C25 | N28: Estimado por modelo
A29: 45916 | B29: 28 | C29: Secano | D29: M0 | E29: R4 | F29: 28.1 | G29: 4798 | H29: 261343 | I29: 1.2001492 | J29: 29.013297 | K29: 57.365712 | L29: =+G29*(I29/100) -> 57.58316 | M29: =+I29/(4.8*(G29/1000)^(-0.32)) -> 0.41298406 | N29: Medido
A30: 45916 | B30: 29 | C30: Secano | D30: M5 | E30: R4 | F30: 23.1 | G30: 3343 | H30: 261344 | I30: 1.8301188 | J30: 31.602893 | K30: 53.504141 | L30: =+G30*(I30/100) -> 61.180873 | M30: =+I30/(4.8*(G30/1000)^(-0.32)) -> 0.5609985 | N30: Medido
A31: 45916 | B31: 30 | C31: Secano | D31: M4 | E31: R4 | F31: 19.8 | G31: 5066 | H31: 261345 | I31: 2.2937773 | J31: 31.871631 | K31: 53.251414 | L31: =+G31*(I31/100) -> 116.20276 | M31: =+I31/(4.8*(G31/1000)^(-0.32)) -> 0.80316147 | N31: Medido
A32: 45916 | B32: 31 | C32: Secano | D32: M3 | E32: R4 | F32: 19.9 | G32: 7124 | H32: 261346 | I32: 2.181144 | J32: 31.243729 | K32: 53.481124 | L32: =+G32*(I32/100) -> 155.3847 | M32: =+I32/(4.8*(G32/1000)^(-0.32)) -> 0.85175513 | N32: Medido
A33: 45916 | B33: 32 | C33: Secano | D33: M2 | E33: R4 | F33: 19.2 | G33: 7344 | H33: 261347 | I33: 2.3719485 | J33: 31.637837 | K33: 53.228489 | L33: =+G33*(I33/100) -> 174.1959 | M33: =+I33/(4.8*(G33/1000)^(-0.32)) -> 0.93532485 | N33: Medido
A34: 45916 | B34: 33 | C34: Riego | D34: M0 | E34: R1 | F34: 27.1 | G34: 5179 | H34: 261348 | I34: 1.0522819 | J34: 27.084894 | K34: 47.273363 | L34: =+G34*(I34/100) -> 54.49768 | M34: =+I34/(4.8*(G34/1000)^(-0.32)) -> 0.37106463 | N34: Medido
A35: 45916 | B35: 34 | C35: Riego | D35: M1 | E35: R1 | F35: 19.7 | G35: 8234 | H35: 261349 | I35: 2.5247658 | J35: 33.664404 | K35: 63.962104 | L35: =+G35*(I35/100) -> 207.88922 | M35: =+I35/(4.8*(G35/1000)^(-0.32)) -> 1.0327028 | N35: Medido
A36: 45916 | B36: 35 | C36: Riego | D36: M2 | E36: R1 | F36: 23.1 | G36: 7915 | H36: 261350 | I36: 1.9828727 | J36: 31.025326 | K36: 53.194118 | L36: =+G36*(I36/100) -> 156.94438 | M36: =+I36/(4.8*(G36/1000)^(-0.32)) -> 0.80086239 | N36: Medido
A37: 45916 | B37: 36 | C37: Riego | D37: M3 | E37: R1 | F37: 19.5 | G37: 6181 | H37: 261351 | I37: 1.9723896 | J37: 31.048254 | K37: 52.624037 | L37: =+G37*(I37/100) -> 121.9134 | M37: =+I37/(4.8*(G37/1000)^(-0.32)) -> 0.73602109 | N37: Medido
A38: 45916 | B38: 37 | C38: Riego | D38: M4 | E38: R1 | F38: 20.9 | G38: 6688 | H38: 261352 | I38: 1.7774847 | J38: 30.808237 | K38: 52.092941 | L38: =+G38*(I38/100) -> 118.87818 | M38: =+I38/(4.8*(G38/1000)^(-0.32)) -> 0.68023573 | N38: Medido
A39: 45916 | B39: 38 | C39: Riego | D39: M5 | E39: R1 | F39: 22.9 | G39: 4354 | H39: 261353 | I39: 2.008207 | J39: 31.301422 | K39: 52.601343 | L39: =+G39*(I39/100) -> 87.437332 | M39: =+I39/(4.8*(G39/1000)^(-0.32)) -> 0.66990239 | N39: Medido
A40: 45916 | B40: 39 | C40: Riego | D40: M3 | E40: R2 | F40: 23.9 | G40: 5283 | H40: 261354 | I40: 1.6163751 | J40: 29.864232 | K40: 51.477326 | L40: =+G40*(I40/100) -> 85.393096 | M40: =+I40/(4.8*(G40/1000)^(-0.32)) -> 0.57361792 | N40: Medido
... A153: 45973 | B153: 152 | C153: Riego | D153: M2 | E153: R4 | F153: 25 | G153: 14822.368 | H153: 261467 | I153: 1.0406265 | J153: 34.084419 | K153: 61.497999 | L153: =+G153*(I153/100) -> 154.2455 | M153: =+I153/(4.8*(G153/1000)^(-0.32)) -> 0.51374462 | N153: Medido

Sheet Estimacion_M1R4_16set
A1: Estimación de la muestra faltante: M1 - R4 - Secano - 16 de septiembre
A3: Parámetro | B3: Valor | C3: Descripción / cálculo
A4: Fecha | B4: =Calidad!A28 -> 45916 | C4: Fecha de la unidad experimental faltante
A5: Condición | B5: =Calidad!C28 -> Secano | C5: Condición hídrica
A6: Tratamiento | B6: =Calidad!D28 -> M1 | C6: Tratamiento
A7: Repetición | B7: =Calidad!E28 -> R4 | C7: Bloque o repetición
A8: Materia seca | B8: =Calidad!G28 -> 7037 | C8: kg MS ha-1 medidos en la parcela
A9: Número de tratamientos (t) | B9: 6 | C9: M0, M1, M2, M3, M4 y M5
A10: Número de bloques (r) | B10: 4 | C10: R1, R2, R3 y R4
A11: Coeficiente curva crítica | B11: 4.8 | C11: Nc = 4,8 x W^-0,32
A12: Exponente curva crítica | B12: -0.32 | C12: W expresada en t MS ha-1
A15: Variable | B15: Columna origen | C15: B: total del bloque sin faltante | D15: T: total del tratamiento sin faltante | E15: G: total general sin faltante | F15: Estimación = (tB+rT-G)/((t-1)(r-1))
A16: N (%) | B16: I | C16: =SUMIFS(Calidad!$I:$I,Calidad!$A:$A,$B$4,Calidad!$C:$C,$B$5,Calidad!$E:$E,$B$7)-Calidad!$I$28 | D16: =SUMIFS(Calidad!$I:$I,Calidad!$A:$A,$B$4,Calidad!$C:$C,$B$5,Calidad!$D:$D,$B$6)-Calidad!$I$28 | E16: =SUMIFS(Calidad!$I:$I,Calidad!$A:$A,$B$4,Calidad!$C:$C,$B$5)-Calidad!$I$28 | F16: =($B$9*C16+$B$10*D16-E16)/(($B$9-1)*($B$10-1))
A17: FDA (%) | B17: J | C17: =SUMIFS(Calidad!$J:$J,Calidad!$A:$A,$B$4,Calidad!$C:$C,$B$5,Calidad!$E:$E,$B$7)-Calidad!$J$28 | D17: =SUMIFS(Calidad!$J:$J,Calidad!$A:$A,$B$4,Calidad!$C:$C,$B$5,Calidad!$D:$D,$B$6)-Calidad!$J$28 | E17: =SUMIFS(Calidad!$J:$J,Calidad!$A:$A,$B$4,Calidad!$C:$C,$B$5)-Calidad!$J$28 | F17: =($B$9*C17+$B$10*D17-E17)/(($B$9-1)*($B$10-1))
A18: FDN (%) | B18: K | C18: =SUMIFS(Calidad!$K:$K,Calidad!$A:$A,$B$4,Calidad!$C:$C,$B$5,Calidad!$E:$E,$B$7)-Calidad!$K$28 | D18: =SUMIFS(Calidad!$K:$K,Calidad!$A:$A,$B$4,Calidad!$C:$C,$B$5,Calidad!$D:$D,$B$6)-Calidad!$K$28 | E18: =SUMIFS(Calidad!$K:$K,Calidad!$A:$A,$B$4,Calidad!$C:$C,$B$5)-Calidad!$K$28 | F18: =($B$9*C18+$B$10*D18-E18)/(($B$9-1)*($B$10-1))
A21: Variable derivada | B21: Fórmula | C21: Resultado
A22: N acumulado (kg N ha-1) | B22: MS x N (%) / 100 | C22: =$B$8*$F$16/100
A23: Biomasa W (t MS ha-1) | B23: MS / 1000 | C23: =$B$8/1000 -> 7.037
A24: Concentración crítica Nc (%) | B24: 4,8 x W^-0,32 | C24: =$B$11*C23^$B$12 -> 2.5708529
A25: INN | B25: N (%) / Nc (%) | C25: =$F$16/C24
A28: Control de consistencia | B28: Valor
A29: Kg N ha-1 estimado directamente con el modelo | B29: =($B$9*(SUMIFS(Calidad!$L:$L,Calidad!$A:$A,$B$4,Calidad!$C:$C,$B$5,Calidad!$E:$E,$B$7)-Calidad!$L$28)+$B$10*(SUMIFS(Calidad!$L:$L,Calidad!$A:$A,$B$4,Calidad!$C:$C,$B$5,Calidad!$D:$D,$B$6)-Calidad!$L$28)-(SUMIFS(Calidad!$L:$L,Calidad!$A:$A,$B$4,Calidad!$C:$C,$B$5)-Calidad!$L$28))/(($B$9-1)*($B$10-1))
A30: INN estimado directamente con el modelo | B30: =($B$9*(SUMIFS(Calidad!$M:$M,Calidad!$A:$A,$B$4,Calidad!$C:$C,$B$5,Calidad!$E:$E,$B$7)-Calidad!$M$28)+$B$10*(SUMIFS(Calidad!$M:$M,Calidad!$A:$A,$B$4,Calidad!$C:$C,$B$5,Calidad!$D:$D,$B$6)-Calidad!$M$28)-(SUMIFS(Calidad!$M:$M,Calidad!$A:$A,$B$4,Calidad!$C:$C,$B$5)-Calidad!$M$28))/(($B$9-1)*($B$10-1))
A32: Criterio utilizado | B32: %N, FDA y FDN se estiman con el modelo aditivo de bloques. Kg N ha-1 e INN se recalculan con las fórmulas agronómicas para mantener consistencia matemática.
